Filing - Patent Issued Date,Department
06-Jul-2010,CBS Molecular Biology
03-Aug-2010,CSENG ECE Admin
03-Aug-2010,CSENG ECE Admin
10-Aug-2010,CFANS Administration
10-Aug-2010,Outside U of M
17-Aug-2010,CSENG ECE Admin
17-Aug-2010,Veterinary Population Medicine
17-Aug-2010,Radiology Administration
17-Aug-2010,Radiology Administration
17-Aug-2010,Radiology Administration
17-Aug-2010,Radiology Administration
31-Aug-2010,Radiology Administration
31-Aug-2010,Radiology Administration
31-Aug-2010,Radiology Administration
21-Sep-2010,CSENG ECE Admin
21-Sep-2010,CSENG ECE Admin
21-Sep-2010,CSENG ECE Admin
21-Sep-2010,CSENG ECE Admin
21-Sep-2010,CSENG Biomedical Eng Admin
21-Sep-2010,Radiology Administration
21-Sep-2010,Radiology Administration
21-Sep-2010,Radiology Administration
21-Sep-2010,Radiology Administration
21-Sep-2010,Radiology Administration
21-Sep-2010,Radiology Administration
21-Sep-2010,Radiology Administration
21-Sep-2010,Radiology Administration
21-Sep-2010,Radiology Administration
21-Sep-2010,Radiology Administration
12-Oct-2010,CBS Molecular Biology
02-Nov-2010,CSENG ECE Admin
02-Nov-2010,CSENG ECE Admin
02-Nov-2010,CSENG ECE Admin
02-Nov-2010,CSENG ECE Admin
02-Nov-2010,Outside U of M
02-Nov-2010,Outside U of M
22-Nov-2010,"Agron&Plant Genetics, Dept of"
22-Nov-2010,"Agron&Plant Genetics, Dept of"
22-Nov-2010,"Agron&Plant Genetics, Dept of"
22-Nov-2010,"Agron&Plant Genetics, Dept of"
22-Nov-2010,"Plant Pathology, Dept of"
22-Nov-2010,"Plant Pathology, Dept of"
22-Nov-2010,"Plant Pathology, Dept of"
22-Nov-2010,"Plant Pathology, Dept of"
22-Nov-2010,"Northwest ROC, Crookston"
22-Nov-2010,"Northwest ROC, Crookston"
22-Nov-2010,Outside U of M
22-Nov-2010,Outside U of M
22-Nov-2010,Outside U of M
23-Nov-2010,"CSENG Math & It's Applic, Inst"
23-Nov-2010,LMP Administration
23-Nov-2010,MED Medicine Dept Admin
23-Nov-2010,MED Medicine Dept Admin
30-Nov-2010,CSENG Biomedical Eng Admin
30-Nov-2010,CSENG Biomedical Eng Admin
30-Nov-2010,CSENG Biomedical Eng Admin
28-Dec-2010,NRRI CARTD Admin
28-Dec-2010,NRRI CARTD Admin
04-Jan-2011,CSENG ECE Admin
04-Jan-2011,CSENG ECE Admin
11-Jan-2011,CSENG ECE Admin
11-Jan-2011,CSENG ECE Admin
11-Jan-2011,CSENG ECE Admin
11-Jan-2011,CSENG ECE Admin
11-Jan-2011,CSENG ECE Admin
11-Jan-2011,Veterinary Biomedical Science
11-Jan-2011,Veterinary Biomedical Science
11-Jan-2011,Veterinary Biomedical Science
11-Jan-2011,Veterinary Biomedical Science
11-Jan-2011,Outside U of M
25-Jan-2011,NRRI Minerals-Coleraine
25-Jan-2011,NRRI Minerals-Coleraine
25-Jan-2011,NRRI Minerals-Coleraine
01-Feb-2011,CSENG Chemistry Administration
01-Feb-2011,CSENG Chemistry Administration
01-Feb-2011,CSENG Chemistry Administration
01-Feb-2011,CSENG ECE Admin
01-Feb-2011,CSENG ECE Admin
01-Feb-2011,Outside U of M
01-Feb-2011,Outside U of M
01-Feb-2011,Outside U of M
08-Feb-2011,CSENG Biomedical Eng Admin
08-Feb-2011,MED Medicine Dept Admin
08-Feb-2011,MED Medicine Dept Admin
15-Feb-2011,CSENG Chemistry Administration
15-Feb-2011,CSENG Chemistry Administration
15-Feb-2011,CSENG Chemistry Administration
15-Feb-2011,CSENG Chemistry Administration
15-Feb-2011,CSENG Chemistry Administration
15-Feb-2011,CSENG ECE Admin
15-Feb-2011,CSENG ECE Admin
15-Feb-2011,CSENG ECE Admin
15-Feb-2011,CSENG ECE Admin
15-Feb-2011,Outside U of M
15-Feb-2011,Outside U of M
15-Feb-2011,Outside U of M
15-Feb-2011,Outside U of M
22-Feb-2011,CSENG Chemistry Administration
22-Feb-2011,CSENG Chemistry Administration
22-Feb-2011,CSENG Chemistry Administration
22-Feb-2011,Radiology Administration
22-Feb-2011,Radiology Administration
22-Feb-2011,Radiology Administration
22-Feb-2011,Outside U of M
22-Feb-2011,Outside U of M
22-Feb-2011,Outside U of M
01-Mar-2011,CBS Molecular Biology
01-Mar-2011,CBS Molecular Biology
01-Mar-2011,MED Medicine Dept Admin
01-Mar-2011,MED Medicine Dept Admin
01-Mar-2011,PMR Administration
08-Mar-2011,CBS Biotech Resource Center
08-Mar-2011,CSENG Chem Eng & Mat Sci Admin
08-Mar-2011,CSENG Chem Eng & Mat Sci Admin
08-Mar-2011,CSENG Chem Eng & Mat Sci Admin
08-Mar-2011,CSENG ECE Admin
08-Mar-2011,CSENG ECE Admin
08-Mar-2011,Outside U of M
22-Mar-2011,MED Medicine Dept Admin
22-Mar-2011,MED Medicine Dept Admin
22-Mar-2011,Outside U of M
29-Mar-2011,CSENG Chemistry Administration
29-Mar-2011,CSENG Chemistry Administration
29-Mar-2011,CSENG Chemistry Administration
29-Mar-2011,Outside U of M
29-Mar-2011,Outside U of M
29-Mar-2011,Outside U of M
19-Apr-2011,MED Medicine Dept Admin
19-Apr-2011,PEDS Pediatrics Department Adm
19-Apr-2011,PEDS Pediatrics Department Adm
26-Apr-2011,CFANS Administration
26-Apr-2011,"Bioprod&Biosys Eng, Dept of"
26-Apr-2011,"Bioprod&Biosys Eng, Dept of"
26-Apr-2011,"Bioprod&Biosys Eng, Dept of"
26-Apr-2011,"Bioprod&Biosys Eng, Dept of"
26-Apr-2011,Radiology Administration
26-Apr-2011,Radiology Administration
26-Apr-2011,Radiology Administration
26-Apr-2011,Radiology Administration
10-May-2011,NRRI CARTD Admin
10-May-2011,NRRI CARTD Admin
10-May-2011,NRRI Minerals-Duluth
10-May-2011,NRRI Minerals-Coleraine
10-May-2011,NRRI Minerals-Coleraine
10-May-2011,CSENG Chemistry Administration
10-May-2011,CSENG Chemistry Administration
10-May-2011,Outside U of M
24-May-2011,CSENG ECE Admin
24-May-2011,CSENG ECE Admin
24-May-2011,Outside U of M
31-May-2011,CSENG Mech Engineering Admin
31-May-2011,CSENG Mech Engineering Admin
31-May-2011,Outside U of M
31-May-2011,Outside U of M
14-Jun-2011,CFANS Administration
14-Jun-2011,CFANS Administration
28-Jun-2011,CSENG ECE Admin
28-Jun-2011,CSENG ECE Admin
28-Jun-2011,CSENG ECE Admin
05-Jul-2011,CSENG Mech Engineering Admin
05-Jul-2011,CSENG Mech Engineering Admin
19-Jul-2011,CBS Molecular Biology
19-Jul-2011,CBS Molecular Biology
19-Jul-2011,CSENG Chem Eng & Mat Sci Admin
19-Jul-2011,Outside U of M
19-Jul-2011,Outside U of M
19-Jul-2011,Outside U of M
19-Jul-2011,Outside U of M
19-Jul-2011,Outside U of M
02-Aug-2011,GRAD Dean's Office Admin
02-Aug-2011,CSENG CS&E Administration
02-Aug-2011,CSENG ECE Admin
02-Aug-2011,CSENG ECE Admin
02-Aug-2011,CSENG ECE Admin
02-Aug-2011,CSENG Mech Engineering Admin
02-Aug-2011,CSENG Mech Engineering Admin
02-Aug-2011,CSENG Mech Engineering Admin
02-Aug-2011,CSENG Mech Engineering Admin
02-Aug-2011,CSENG Mech Engineering Admin
02-Aug-2011,CSENG Mech Engineering Admin
02-Aug-2011,CSENG Mech Engineering Admin
02-Aug-2011,"Drug Design, Center for"
02-Aug-2011,CoP Pharmaceutics
02-Aug-2011,CoP Pharmaceutics
02-Aug-2011,CoP Pharmaceutics
02-Aug-2011,MICRO Microbiology Admin
16-Aug-2011,CSENG Chem Eng & Mat Sci Admin
16-Aug-2011,CSENG Chemistry Administration
30-Aug-2011,Dent Primary Care Admin
30-Aug-2011,Outside U of M
06-Sep-2011,CSENG Mech Engineering Admin
06-Sep-2011,CoP Pharmaceutics
06-Sep-2011,Dent Diag & Bio Science Admin
06-Sep-2011,Dent Restorative Science Admin
06-Sep-2011,Outside U of M
06-Sep-2011,Outside U of M
06-Sep-2011,Outside U of M
13-Sep-2011,CSENG Mech Engineering Admin
13-Sep-2011,CSENG Mech Engineering Admin
13-Sep-2011,CSENG Mech Engineering Admin
13-Sep-2011,CSENG Mech Engineering Admin
13-Sep-2011,Outside U of M
20-Sep-2011,NRRI Minerals-Coleraine
20-Sep-2011,NRRI Minerals-Coleraine
20-Sep-2011,NRRI Minerals-Coleraine
20-Sep-2011,NRRI Minerals-Coleraine
20-Sep-2011,NRRI Minerals-Coleraine
20-Sep-2011,NRRI Minerals-Coleraine
20-Sep-2011,NRRI Minerals-Coleraine
20-Sep-2011,NRRI Minerals-Coleraine
27-Sep-2011,CFANS Administration
27-Sep-2011,"Bioprod&Biosys Eng, Dept of"
27-Sep-2011,FM Family Medicine Dept Admin
27-Sep-2011,FM Family Medicine Dept Admin
04-Oct-2011,CSENG Mech Engineering Admin
04-Oct-2011,CSENG Mech Engineering Admin
04-Oct-2011,CSENG Mech Engineering Admin
04-Oct-2011,CSENG Mech Engineering Admin
04-Oct-2011,CSENG Mech Engineering Admin
04-Oct-2011,CSENG Biomedical Eng Admin
04-Oct-2011,Outside U of M
04-Oct-2011,Outside U of M
04-Oct-2011,Outside U of M
04-Oct-2011,Outside U of M
04-Oct-2011,Outside U of M
04-Oct-2011,Outside U of M
01-Nov-2011,CBS Molecular Biology
15-Nov-2011,"Horticultural Sci, Dept of"
15-Nov-2011,"Horticultural Sci, Dept of"
22-Nov-2011,CSENG ECE Admin
22-Nov-2011,CSENG ECE Admin
29-Nov-2011,Radiology Administration
29-Nov-2011,Radiology Administration
29-Nov-2011,Radiology Administration
29-Nov-2011,Radiology Administration
06-Dec-2011,Radiology Administration
06-Dec-2011,Radiology Administration
06-Dec-2011,Radiology Administration
13-Dec-2011,LMP Administration
13-Dec-2011,MED Medicine Dept Admin
13-Dec-2011,MED Medicine Dept Admin
27-Dec-2011,GRAD Dean's Office Admin
27-Dec-2011,CSENG Mech Engineering Admin
27-Dec-2011,OPH Ophthalmology Admin
03-Jan-2012,CSENG ECE Admin
03-Jan-2012,CSENG ECE Admin
03-Jan-2012,CSENG ECE Admin
03-Jan-2012,CSENG ECE Admin
03-Jan-2012,CSENG ECE Admin
10-Jan-2012,PMR Administration
10-Jan-2012,IEM Engineering In Med Adm
17-Jan-2012,NRRI CARTD Admin
17-Jan-2012,NRRI Minerals-Coleraine
17-Jan-2012,NRRI Minerals-Coleraine
17-Jan-2012,NRRI Minerals-Coleraine
17-Jan-2012,CSENG ECE Admin
17-Jan-2012,CSENG ECE Admin
17-Jan-2012,CSENG ECE Admin
17-Jan-2012,CSENG ECE Admin
17-Jan-2012,Radiology Administration
17-Jan-2012,Outside U of M
17-Jan-2012,Outside U of M
17-Jan-2012,Outside U of M
17-Jan-2012,Outside U of M
17-Jan-2012,Outside U of M
24-Jan-2012,CBS Molecular Biology
31-Jan-2012,CSENG CS&E Administration
31-Jan-2012,CSENG ECE Admin
31-Jan-2012,CSENG ECE Admin
31-Jan-2012,Outside U of M
31-Jan-2012,Outside U of M
31-Jan-2012,Outside U of M
31-Jan-2012,Outside U of M
31-Jan-2012,Outside U of M
07-Feb-2012,"Bioprod&Biosys Eng, Dept of"
07-Feb-2012,CSENG ECE Admin
07-Feb-2012,Veterinary Biomedical Science
07-Feb-2012,Veterinary Biomedical Science
07-Feb-2012,Veterinary Biomedical Science
07-Feb-2012,Veterinary Biomedical Science
14-Feb-2012,CSENG CS&E Administration
14-Feb-2012,CSENG CS&E Administration
14-Feb-2012,CSENG CS&E Administration
06-Mar-2012,CSENG ECE Admin
06-Mar-2012,CSENG ECE Admin
06-Mar-2012,CSENG ECE Admin
06-Mar-2012,CSENG ECE Admin
06-Mar-2012,PMR Administration
06-Mar-2012,IEM Engineering In Med Adm
06-Mar-2012,IEM Engineering In Med Adm
13-Mar-2012,CSENG ECE Admin
13-Mar-2012,CSENG ECE Admin
13-Mar-2012,Outside U of M
13-Mar-2012,Outside U of M
20-Mar-2012,CSENG Mech Engineering Admin
20-Mar-2012,CSENG Mech Engineering Admin
20-Mar-2012,CSENG Mech Engineering Admin
20-Mar-2012,Outside U of M
20-Mar-2012,Outside U of M
20-Mar-2012,Outside U of M
03-Apr-2012,CSENG ECE Admin
03-Apr-2012,CSENG ECE Admin
03-Apr-2012,MICRO Microbiology Admin
03-Apr-2012,MED Medicine Dept Admin
03-Apr-2012,Outside U of M
10-Apr-2012,CSENG ECE Admin
10-Apr-2012,CSENG ECE Admin
10-Apr-2012,CSENG ECE Admin
17-Apr-2012,NRRI Central Admin
17-Apr-2012,NRRI Central Admin
17-Apr-2012,NRRI Minerals-Coleraine
17-Apr-2012,NRRI Minerals-Coleraine
17-Apr-2012,NRRI Minerals-Coleraine
17-Apr-2012,NRRI Minerals-Coleraine
01-May-2012,CBS Molecular Biology
01-May-2012,CSENG ECE Admin
01-May-2012,CSENG ECE Admin
15-May-2012,NRRI CARTD Admin
15-May-2012,NRRI Minerals-Coleraine
15-May-2012,NRRI Minerals-Coleraine
15-May-2012,NRRI Minerals-Coleraine
15-May-2012,Outside U of M
15-May-2012,Outside U of M
22-May-2012,CSENG CS&E Administration
22-May-2012,CSENG Mech Engineering Admin
22-May-2012,CSENG Mech Engineering Admin
22-May-2012,CSENG Mech Engineering Admin
22-May-2012,Outside U of M
22-May-2012,Outside U of M
22-May-2012,Outside U of M
22-May-2012,Outside U of M
22-May-2012,Outside U of M
22-May-2012,Outside U of M
22-May-2012,Outside U of M
22-May-2012,Outside U of M
22-May-2012,Outside U of M
05-Jun-2012,CSENG Biomedical Eng Admin
05-Jun-2012,CSENG Biomedical Eng Admin
05-Jun-2012,MED Medicine Dept Admin
05-Jun-2012,PEDS Pediatrics Department Adm
05-Jun-2012,Radiology Administration
05-Jun-2012,Radiology Administration
05-Jun-2012,Radiology Administration
05-Jun-2012,Radiology Administration
05-Jun-2012,Radiology Administration
05-Jun-2012,Radiology Administration
05-Jun-2012,Radiology Administration
05-Jun-2012,Outside U of M
05-Jun-2012,Outside U of M
05-Jun-2012,Outside U of M
05-Jun-2012,Outside U of M
05-Jun-2012,Outside U of M
05-Jun-2012,Outside U of M
05-Jun-2012,Outside U of M
12-Jun-2012,NRRI CARTD Admin
12-Jun-2012,NRRI CARTD Admin
12-Jun-2012,NRRI CARTD Admin
19-Jun-2012,CSENG Chemistry Administration
19-Jun-2012,CSENG Chemistry Administration
26-Jun-2012,CSENG Chemistry Administration
26-Jun-2012,CSENG Chemistry Administration
26-Jun-2012,BMBB Med Regulatory Biochem
03-Jul-2012,Radiology Administration
03-Jul-2012,Radiology Administration
03-Jul-2012,Radiology Administration
03-Jul-2012,Radiology Administration
10-Jul-2012,Radiology Administration
17-Jul-2012,"Bioprod&Biosys Eng, Dept of"
17-Jul-2012,"Bioprod&Biosys Eng, Dept of"
17-Jul-2012,"Bioprod&Biosys Eng, Dept of"
17-Jul-2012,Outside U of M
17-Jul-2012,Outside U of M
17-Jul-2012,Outside U of M
24-Jul-2012,Dent Primary Care Admin
24-Jul-2012,MED Medicine Genetics Division
24-Jul-2012,MED Medicine Genetics Division
24-Jul-2012,MED Medicine Genetics Division
24-Jul-2012,MED Medicine Genetics Division
24-Jul-2012,CBS GCD Education
24-Jul-2012,CBS GCD Education
24-Jul-2012,CBS GCD Education
24-Jul-2012,CBS GCD Education
24-Jul-2012,CBS GCD Education
24-Jul-2012,CBS GCD Education
24-Jul-2012,CBS GCD Education
24-Jul-2012,CBS GCD Education
24-Jul-2012,Outside U of M
07-Aug-2012,Medicinal Chemistry
21-Aug-2012,MED Medicine Genetics Division
21-Aug-2012,MED Medicine Genetics Division
21-Aug-2012,NEUR Neurology Dept Admin
21-Aug-2012,NEUR Neurology Dept Admin
28-Aug-2012,"Bioprod&Biosys Eng, Dept of"
28-Aug-2012,"Bioprod&Biosys Eng, Dept of"
28-Aug-2012,"Bioprod&Biosys Eng, Dept of"
28-Aug-2012,MED Medicine Dept Admin
28-Aug-2012,Radiology Administration
28-Aug-2012,Surgery Administration
28-Aug-2012,Outside U of M
28-Aug-2012,Outside U of M
28-Aug-2012,Outside U of M
04-Sep-2012,CSENG CS&E Administration
04-Sep-2012,CSENG CS&E Administration
11-Sep-2012,Chemistry & Biochemistry
11-Sep-2012,Outside U of M
25-Sep-2012,Outside U of M
25-Sep-2012,Outside U of M
25-Sep-2012,Outside U of M
25-Sep-2012,Outside U of M
02-Oct-2012,CSENG Civil Engineering Admin
02-Oct-2012,CSENG Civil Engineering Admin
02-Oct-2012,CSENG Civil Engineering Admin
09-Oct-2012,CSENG Chemistry Administration
09-Oct-2012,Outside U of M
09-Oct-2012,Outside U of M
09-Oct-2012,Outside U of M
16-Oct-2012,NRRI Minerals-Coleraine
16-Oct-2012,CSENG Chemistry Administration
16-Oct-2012,CSENG Chemistry Administration
16-Oct-2012,CSENG Chemistry Administration
16-Oct-2012,CSENG Mech Engineering Admin
16-Oct-2012,CSENG Mech Engineering Admin
16-Oct-2012,Outside U of M
16-Oct-2012,Outside U of M
16-Oct-2012,Outside U of M
30-Oct-2012,Radiology Administration
30-Oct-2012,Radiology Administration
30-Oct-2012,Outside U of M
13-Nov-2012,NSU Neurosurgery Dept Admin
13-Nov-2012,NSU Neurosurgery Dept Admin
13-Nov-2012,NSU Neurosurgery Dept Admin
27-Nov-2012,CSENG Geology & Geophysics Adm
27-Nov-2012,CSENG Geology & Geophysics Adm
27-Nov-2012,CSENG Mech Engineering Admin
04-Dec-2012,CBS Molecular Biology
04-Dec-2012,Outside U of M
18-Dec-2012,NRRI Minerals-Coleraine
18-Dec-2012,NRRI Minerals-Coleraine
18-Dec-2012,NRRI Minerals-Coleraine
18-Dec-2012,NRRI Minerals-Coleraine
25-Dec-2012,Outside U of M
25-Dec-2012,Outside U of M
25-Dec-2012,Outside U of M
25-Dec-2012,Outside U of M
25-Dec-2012,Outside U of M
25-Dec-2012,Outside U of M
25-Dec-2012,Outside U of M
01-Jan-2013,CSENG Chem Eng & Mat Sci Admin
01-Jan-2013,CSENG Chem Eng & Mat Sci Admin
01-Jan-2013,CSENG Chem Eng & Mat Sci Admin
01-Jan-2013,CSENG CS&E Administration
01-Jan-2013,CSENG CS&E Administration
01-Jan-2013,CSENG Mech Engineering Admin
01-Jan-2013,Radiology Administration
01-Jan-2013,Outside U of M
01-Jan-2013,Outside U of M
01-Jan-2013,Outside U of M
01-Jan-2013,Outside U of M
08-Jan-2013,CSENG Chem Eng & Mat Sci Admin
08-Jan-2013,CSENG Chem Eng & Mat Sci Admin
08-Jan-2013,CSENG Chem Eng & Mat Sci Admin
08-Jan-2013,CSENG Chem Eng & Mat Sci Admin
18-Jan-2013,"C Ag & Natural Res, Dept of"
18-Jan-2013,"Agron&Plant Genetics, Dept of"
18-Jan-2013,"Agron&Plant Genetics, Dept of"
18-Jan-2013,"Agron&Plant Genetics, Dept of"
18-Jan-2013,"Plant Pathology, Dept of"
22-Jan-2013,BMBB Med Regulatory Biochem
22-Jan-2013,Outside U of M
22-Jan-2013,Outside U of M
22-Jan-2013,Outside U of M
22-Jan-2013,Outside U of M
29-Jan-2013,"Bioprod&Biosys Eng, Dept of"
29-Jan-2013,"Bioprod&Biosys Eng, Dept of"
29-Jan-2013,"Bioprod&Biosys Eng, Dept of"
29-Jan-2013,CSENG CS&E Administration
29-Jan-2013,CSENG Mech Engineering Admin
29-Jan-2013,CoP Pharmaceutics
29-Jan-2013,Outside U of M
29-Jan-2013,Outside U of M
29-Jan-2013,Outside U of M
29-Jan-2013,Outside U of M
29-Jan-2013,Outside U of M
29-Jan-2013,Outside U of M
29-Jan-2013,Outside U of M
29-Jan-2013,Outside U of M
29-Jan-2013,Outside U of M
29-Jan-2013,Outside U of M
29-Jan-2013,Outside U of M
05-Feb-2013,CBS Molecular Biology
05-Feb-2013,CBS Biotech Resource Center
05-Feb-2013,"Soil, Water & Climate, Dept of"
05-Feb-2013,CSENG ECE Admin
05-Feb-2013,CSENG ECE Admin
05-Feb-2013,Outside U of M
19-Feb-2013,Radiology Administration
19-Feb-2013,Radiology Administration
05-Mar-2013,CSENG CS&E Administration
05-Mar-2013,CSENG CS&E Administration
05-Mar-2013,CSENG CS&E Administration
05-Mar-2013,"CSOM Dean, Office of the"
05-Mar-2013,Outside U of M
05-Mar-2013,Outside U of M
05-Mar-2013,Outside U of M
05-Mar-2013,Outside U of M
05-Mar-2013,Outside U of M
05-Mar-2013,Outside U of M
12-Mar-2013,"Bioprod&Biosys Eng, Dept of"
12-Mar-2013,"Bioprod&Biosys Eng, Dept of"
12-Mar-2013,"Bioprod&Biosys Eng, Dept of"
12-Mar-2013,Medicinal Chemistry
12-Mar-2013,Medicinal Chemistry
12-Mar-2013,Outside U of M
12-Mar-2013,Outside U of M
12-Mar-2013,Outside U of M
19-Mar-2013,Medicinal Chemistry
19-Mar-2013,Veterinary Biomedical Science
19-Mar-2013,Veterinary Biomedical Science
02-Apr-2013,CBS Biotech Resource Center
02-Apr-2013,CSENG Chem Eng & Mat Sci Admin
02-Apr-2013,MED Medicine Dept Admin
02-Apr-2013,MED Medicine Dept Admin
02-Apr-2013,MED Medicine Dept Admin
09-Apr-2013,CBS Molecular Biology
09-Apr-2013,CBS Molecular Biology
09-Apr-2013,CSENG Mech Engineering Admin
09-Apr-2013,CSENG Mech Engineering Admin
16-Apr-2013,CSENG Chemistry Administration
16-Apr-2013,CSENG Chemistry Administration
16-Apr-2013,CSENG CS&E Administration
16-Apr-2013,Outside U of M
16-Apr-2013,Outside U of M
16-Apr-2013,Outside U of M
16-Apr-2013,Outside U of M
16-Apr-2013,Outside U of M
23-Apr-2013,CSENG CS&E Administration
23-Apr-2013,MED Medicine Dept Admin
23-Apr-2013,MED Medicine Dept Admin
23-Apr-2013,Outside U of M
23-Apr-2013,Outside U of M
23-Apr-2013,Outside U of M
23-Apr-2013,Outside U of M
23-Apr-2013,Outside U of M
23-Apr-2013,Outside U of M
30-Apr-2013,BMBB Med Regulatory Biochem
30-Apr-2013,MED Medicine Dept Admin
30-Apr-2013,MED Medicine Dept Admin
30-Apr-2013,Outside U of M
07-May-2013,IEM Engineering In Med Adm
07-May-2013,IEM Engineering In Med Adm
07-May-2013,IEM Engineering In Med Adm
07-May-2013,IEM Engineering In Med Adm
14-May-2013,CSENG CS&E Administration
14-May-2013,MICRO Microbiology Admin
14-May-2013,MICRO Microbiology Admin
14-May-2013,MED Medicine Genetics Division
14-May-2013,MED Medicine Genetics Division
14-May-2013,MED Medicine Genetics Division
14-May-2013,MED Medicine Genetics Division
14-May-2013,Outside U of M
14-May-2013,Outside U of M
14-May-2013,Outside U of M
14-May-2013,Outside U of M
14-May-2013,Outside U of M
14-May-2013,Outside U of M
14-May-2013,Outside U of M
21-May-2013,CSENG ECE Admin
21-May-2013,CSENG ECE Admin
21-May-2013,CSENG ECE Admin
21-May-2013,CSENG ECE Admin
21-May-2013,CSENG ECE Admin
21-May-2013,CSENG ECE Admin
28-May-2013,MED Medicine Genetics Division
28-May-2013,MED Medicine Genetics Division
28-May-2013,Outside U of M
04-Jun-2013,CSENG CS&E Administration
04-Jun-2013,CSENG CS&E Administration
04-Jun-2013,Outside U of M
04-Jun-2013,Outside U of M
04-Jun-2013,Outside U of M
04-Jun-2013,Outside U of M
04-Jun-2013,Outside U of M
04-Jun-2013,Outside U of M
04-Jun-2013,Outside U of M
04-Jun-2013,Outside U of M
04-Jun-2013,Outside U of M
11-Jun-2013,CSENG Chem Eng & Mat Sci Admin
11-Jun-2013,Outside U of M
11-Jun-2013,Outside U of M
11-Jun-2013,Outside U of M
11-Jun-2013,Outside U of M
11-Jun-2013,Outside U of M
18-Jun-2013,NRRI Peat Group
18-Jun-2013,Outside U of M
18-Jun-2013,Outside U of M
19-Jun-2013,"Agron&Plant Genetics, Dept of"
19-Jun-2013,"Agron&Plant Genetics, Dept of"
19-Jun-2013,"Plant Pathology, Dept of"
19-Jun-2013,Outside U of M
25-Jun-2013,NRRI Minerals-Coleraine
25-Jun-2013,NRRI Minerals-Coleraine
25-Jun-2013,NRRI Minerals-Coleraine
25-Jun-2013,IBP Anatomy Division
25-Jun-2013,IBP Cardiovascular Repair Ctr
23-Jul-2013,NRRI CARTD Admin
23-Jul-2013,CSENG CS&E Administration
23-Jul-2013,Pharmaceuticl Care & Hlth Syst
23-Jul-2013,Outside U of M
23-Jul-2013,Outside U of M
23-Jul-2013,Outside U of M
23-Jul-2013,Outside U of M
23-Jul-2013,Outside U of M
23-Jul-2013,Outside U of M
23-Jul-2013,Outside U of M
23-Jul-2013,Outside U of M
23-Jul-2013,Outside U of M
06-Aug-2013,CSENG Chem Eng & Mat Sci Admin
06-Aug-2013,CSENG Chem Eng & Mat Sci Admin
06-Aug-2013,CSENG Chem Eng & Mat Sci Admin
06-Aug-2013,Medicinal Chemistry
06-Aug-2013,MED Medicine Dept Admin
06-Aug-2013,MED Medicine Dept Admin
06-Aug-2013,MED Medicine Dept Admin
06-Aug-2013,MED Medicine Dept Admin
06-Aug-2013,Radiology Administration
06-Aug-2013,Radiology Administration
06-Aug-2013,Radiology Administration
06-Aug-2013,Radiology Administration
06-Aug-2013,Outside U of M
13-Aug-2013,CSENG Chemistry Administration
13-Aug-2013,Medicinal Chemistry
13-Aug-2013,Surgery Administration
13-Aug-2013,Surgery Administration
13-Aug-2013,Surgery Administration
27-Aug-2013,Radiology Administration
27-Aug-2013,Radiology Administration
27-Aug-2013,Radiology Administration
27-Aug-2013,Radiology Administration
10-Sep-2013,CSENG CS&E Administration
10-Sep-2013,CSENG CS&E Administration
10-Sep-2013,CSENG CS&E Administration
10-Sep-2013,Outside U of M
10-Sep-2013,Outside U of M
10-Sep-2013,Outside U of M
10-Sep-2013,Outside U of M
10-Sep-2013,Outside U of M
10-Sep-2013,Outside U of M
10-Sep-2013,Outside U of M
10-Sep-2013,Outside U of M
10-Sep-2013,Outside U of M
10-Sep-2013,Outside U of M
10-Sep-2013,Outside U of M
10-Sep-2013,Outside U of M
10-Sep-2013,Outside U of M
10-Sep-2013,Outside U of M
10-Sep-2013,Outside U of M
10-Sep-2013,Outside U of M
10-Sep-2013,Outside U of M
10-Sep-2013,Outside U of M
10-Sep-2013,Outside U of M
10-Sep-2013,Outside U of M
10-Sep-2013,Outside U of M
17-Sep-2013,NRRI CARTD Admin
17-Sep-2013,NRRI Minerals-Coleraine
17-Sep-2013,NRRI Minerals-Coleraine
17-Sep-2013,NRRI Minerals-Coleraine
17-Sep-2013,NRRI Minerals-Coleraine
17-Sep-2013,NRRI Minerals-Coleraine
17-Sep-2013,Outside U of M
17-Sep-2013,Outside U of M
15-Oct-2013,Dent Primary Care Admin
15-Oct-2013,Outside U of M
22-Oct-2013,MICRO Microbiology Admin
22-Oct-2013,Outside U of M
22-Oct-2013,Outside U of M
22-Oct-2013,Outside U of M
22-Oct-2013,Outside U of M
12-Nov-2013,Medicinal Chemistry
12-Nov-2013,MED Medicine Dept Admin
12-Nov-2013,PEDS Pediatrics Department Adm
12-Nov-2013,PEDS Pediatrics Department Adm
19-Nov-2013,CSENG ECE Admin
19-Nov-2013,CSENG ECE Admin
19-Nov-2013,GCD MS Beckman Center
19-Nov-2013,MED Medicine Genetics Division
19-Nov-2013,MED Medicine Genetics Division
19-Nov-2013,Radiology Administration
19-Nov-2013,CBS GCD Education
19-Nov-2013,Outside U of M
19-Nov-2013,Outside U of M
19-Nov-2013,Outside U of M
19-Nov-2013,Outside U of M
26-Nov-2013,PEDS Pediatrics Department Adm
26-Nov-2013,Outside U of M
26-Nov-2013,Outside U of M
26-Nov-2013,Outside U of M
26-Nov-2013,Outside U of M
03-Dec-2013,CSENG Chemistry Administration
03-Dec-2013,CSENG Chemistry Administration
03-Dec-2013,Outside U of M
03-Dec-2013,Outside U of M
03-Dec-2013,Outside U of M
03-Dec-2013,Outside U of M
03-Dec-2013,Outside U of M
03-Dec-2013,Outside U of M
10-Dec-2013,CSENG ECE Admin
10-Dec-2013,CSENG ECE Admin
10-Dec-2013,Radiology Administration
10-Dec-2013,Outside U of M
17-Dec-2013,CBS Molecular Biology
17-Dec-2013,CSENG Chem Eng & Mat Sci Admin
17-Dec-2013,CSENG Chem Eng & Mat Sci Admin
17-Dec-2013,CSENG Biomedical Eng Admin
17-Dec-2013,Medicinal Chemistry
17-Dec-2013,CoP Pharmaceutics
17-Dec-2013,PHCL Pharmacology Grad Educ
17-Dec-2013,MED Medicine Genetics Division
17-Dec-2013,PEDS Pediatrics Department Adm
17-Dec-2013,PEDS Pediatrics Department Adm
17-Dec-2013,Outside U of M
17-Dec-2013,Outside U of M
31-Dec-2013,CSENG ECE Admin
31-Dec-2013,CSENG ECE Admin
31-Dec-2013,Radiology Administration
31-Dec-2013,Radiology Administration
07-Jan-2014,CBS Biotech Resource Center
07-Jan-2014,CFANS Administration
07-Jan-2014,"Bioprod&Biosys Eng, Dept of"
07-Jan-2014,CSENG Chem Eng & Mat Sci Admin
07-Jan-2014,CSENG Chem Eng & Mat Sci Admin
07-Jan-2014,CSENG Chem Eng & Mat Sci Admin
07-Jan-2014,CSENG Chemistry Administration
07-Jan-2014,CSENG Chemistry Administration
07-Jan-2014,CSENG Chemistry Administration
07-Jan-2014,FM Family Medicine Dept Admin
07-Jan-2014,FM Family Medicine Dept Admin
07-Jan-2014,Outside U of M
07-Jan-2014,Outside U of M
07-Jan-2014,Outside U of M
14-Jan-2014,CBS Molecular Biology
14-Jan-2014,CSENG ECE Admin
14-Jan-2014,CSENG ECE Admin
14-Jan-2014,CSENG ECE Admin
21-Jan-2014,CBS Molecular Biology
21-Jan-2014,CBS Molecular Biology
21-Jan-2014,CBS Molecular Biology
21-Jan-2014,CSENG Mat Res Sci&EngCtr MRSEC
21-Jan-2014,CSENG ECE Admin
21-Jan-2014,CSENG ECE Admin
21-Jan-2014,CSENG ECE Admin
21-Jan-2014,CSENG ECE Admin
21-Jan-2014,CSENG ECE Admin
21-Jan-2014,SoN Dean's Office
21-Jan-2014,MED Medicine Dept Admin
28-Jan-2014,MED Medicine Dept Admin
04-Feb-2014,CBS Molecular Biology
04-Feb-2014,"Bioprod&Biosys Eng, Dept of"
04-Feb-2014,"Bioprod&Biosys Eng, Dept of"
04-Feb-2014,"Bioprod&Biosys Eng, Dept of"
04-Feb-2014,"Bioprod&Biosys Eng, Dept of"
04-Feb-2014,"Bioprod&Biosys Eng, Dept of"
04-Feb-2014,"Bioprod&Biosys Eng, Dept of"
04-Feb-2014,CSENG Chemistry Administration
04-Feb-2014,CSENG Chemistry Administration
04-Feb-2014,CSENG Chemistry Administration
04-Feb-2014,BMBB Med Regulatory Biochem
04-Feb-2014,BMBB Med Regulatory Biochem
04-Feb-2014,BMBB Med Regulatory Biochem
04-Feb-2014,Outside U of M
04-Feb-2014,Outside U of M
04-Feb-2014,Outside U of M
04-Feb-2014,Outside U of M
04-Feb-2014,Outside U of M
04-Mar-2014,CSENG CS&E Administration
04-Mar-2014,Outside U of M
25-Mar-2014,"Bioprod&Biosys Eng, Dept of"
25-Mar-2014,"Bioprod&Biosys Eng, Dept of"
25-Mar-2014,"Bioprod&Biosys Eng, Dept of"
25-Mar-2014,Outside U of M
25-Mar-2014,Outside U of M
25-Mar-2014,Outside U of M
08-Apr-2014,NRRI Minerals-Coleraine
15-Apr-2014,MED Medicine Genetics Division
15-Apr-2014,MED Medicine Genetics Division
15-Apr-2014,Outside U of M
22-Apr-2014,CSENG Chem Eng & Mat Sci Admin
22-Apr-2014,CSENG Chem Eng & Mat Sci Admin
22-Apr-2014,CSENG Chem Eng & Mat Sci Admin
22-Apr-2014,CSENG Chem Eng & Mat Sci Admin
22-Apr-2014,CSENG Chemistry Administration
22-Apr-2014,CSENG Chemistry Administration
22-Apr-2014,CSENG Chemistry Administration
22-Apr-2014,CSENG CS&E Administration
22-Apr-2014,CSENG CS&E Administration
22-Apr-2014,CSENG CS&E Administration
22-Apr-2014,CSENG ECE Admin
22-Apr-2014,Radiology Administration
22-Apr-2014,Outside U of M
22-Apr-2014,Outside U of M
22-Apr-2014,Outside U of M
22-Apr-2014,Outside U of M
22-Apr-2014,Outside U of M
06-May-2014,CSENG Chemistry Administration
06-May-2014,CSENG Chemistry Administration
06-May-2014,CSENG Civil Engineering Admin
06-May-2014,CSENG Civil Engineering Admin
06-May-2014,CSENG Civil Engineering Admin
06-May-2014,CSENG ECE Admin
06-May-2014,CSENG ECE Admin
06-May-2014,BMBB Med Regulatory Biochem
06-May-2014,LMP Administration
06-May-2014,LMP Administration
06-May-2014,MED Medicine Dept Admin
06-May-2014,Radiology Administration
06-May-2014,Radiology Administration
13-May-2014,IBP Anatomy Division
20-May-2014,Biology
20-May-2014,CSENG ECE Admin
20-May-2014,PMR Administration
20-May-2014,Surgery Administration
20-May-2014,IEM Engineering In Med Adm
20-May-2014,DMed Dean's Office/Admin
27-May-2014,CoP Pharmaceutics
27-May-2014,CoP Pharmaceutics
27-May-2014,Radiology Administration
10-Jun-2014,MED Medicine Genetics Division
10-Jun-2014,MED Medicine Genetics Division
10-Jun-2014,NEUR Neurology Dept Admin
10-Jun-2014,NEUR Neurology Dept Admin
10-Jun-2014,Radiology Administration
10-Jun-2014,Radiology Administration
10-Jun-2014,Radiology Administration
10-Jun-2014,Radiology Administration
25-Jun-2014,"Horticultural Sci, Dept of"
01-Jul-2014,CSENG Chemistry Administration
01-Jul-2014,CSENG Chemistry Administration
01-Jul-2014,Medicinal Chemistry
08-Jul-2014,CSENG ECE Admin
08-Jul-2014,CSENG ECE Admin
22-Jul-2014,CSENG ECE Admin
22-Jul-2014,CSENG ECE Admin
29-Jul-2014,NRRI Minerals-Coleraine
29-Jul-2014,CSENG Chem Eng & Mat Sci Admin
29-Jul-2014,CSENG Chem Eng & Mat Sci Admin
29-Jul-2014,CSENG Chem Eng & Mat Sci Admin
29-Jul-2014,CSENG Chem Eng & Mat Sci Admin
29-Jul-2014,CSENG Chem Eng & Mat Sci Admin
29-Jul-2014,Outside U of M
29-Jul-2014,Outside U of M
29-Jul-2014,Outside U of M
29-Jul-2014,Outside U of M
05-Aug-2014,MICRO Microbiology Admin
05-Aug-2014,MICRO Microbiology Admin
05-Aug-2014,Radiology Administration
05-Aug-2014,Radiology Administration
05-Aug-2014,Radiology Administration
05-Aug-2014,Radiology Administration
05-Aug-2014,Radiology Administration
12-Aug-2014,CSENG Chem Eng & Mat Sci Admin
12-Aug-2014,CSENG Chem Eng & Mat Sci Admin
12-Aug-2014,CSENG Chemistry Administration
12-Aug-2014,CSENG ECE Admin
12-Aug-2014,CSENG ECE Admin
12-Aug-2014,Outside U of M
12-Aug-2014,Outside U of M
12-Aug-2014,Outside U of M
12-Aug-2014,Outside U of M
19-Aug-2014,CBS Molecular Biology
26-Aug-2014,CSENG Chem Eng & Mat Sci Admin
26-Aug-2014,CSENG CS&E Administration
26-Aug-2014,CSENG CS&E Administration
26-Aug-2014,Medicinal Chemistry
26-Aug-2014,Radiology Administration
26-Aug-2014,Radiology Administration
26-Aug-2014,Outside U of M
26-Aug-2014,Outside U of M
26-Aug-2014,Outside U of M
09-Sep-2014,Ed Psych Administration
11-Sep-2014,"Agron&Plant Genetics, Dept of"
11-Sep-2014,"Agron&Plant Genetics, Dept of"
11-Sep-2014,"Plant Pathology, Dept of"
11-Sep-2014,Outside U of M
16-Sep-2014,CSENG Geology & Geophysics Adm
16-Sep-2014,CSENG Geology & Geophysics Adm
16-Sep-2014,CSENG Mech Engineering Admin
30-Sep-2014,CSENG Chem Eng & Mat Sci Admin
30-Sep-2014,CSENG Chem Eng & Mat Sci Admin
30-Sep-2014,CoP Pharmaceutics
30-Sep-2014,CoP Pharmaceutics
30-Sep-2014,Dent Restorative Science Admin
30-Sep-2014,Dent Restorative Science Admin
30-Sep-2014,Dent Restorative Science Admin
07-Oct-2014,Radiology Administration
07-Oct-2014,Outside U of M
14-Oct-2014,NRRI Minerals-Coleraine
14-Oct-2014,NRRI Minerals-Coleraine
14-Oct-2014,Outside U of M
14-Oct-2014,Outside U of M
14-Oct-2014,Outside U of M
14-Oct-2014,Outside U of M
28-Oct-2014,Outside U of M
28-Oct-2014,Outside U of M
28-Oct-2014,Outside U of M
28-Oct-2014,Outside U of M
04-Nov-2014,CSENG ECE Admin
04-Nov-2014,CSENG ECE Admin
04-Nov-2014,CSENG ECE Admin
11-Nov-2014,CSENG Chem Eng & Mat Sci Admin
11-Nov-2014,CSENG Chem Eng & Mat Sci Admin
11-Nov-2014,Veterinary Population Medicine
11-Nov-2014,Veterinary Population Medicine
18-Nov-2014,CSENG CS&E Administration
18-Nov-2014,CSENG CS&E Administration
18-Nov-2014,CSENG CS&E Administration
18-Nov-2014,Outside U of M
18-Nov-2014,Outside U of M
18-Nov-2014,Outside U of M
18-Nov-2014,Outside U of M
18-Nov-2014,Outside U of M
18-Nov-2014,Outside U of M
18-Nov-2014,Outside U of M
18-Nov-2014,Outside U of M
18-Nov-2014,Outside U of M
18-Nov-2014,Outside U of M
18-Nov-2014,Outside U of M
18-Nov-2014,Outside U of M
18-Nov-2014,Outside U of M
18-Nov-2014,Outside U of M
18-Nov-2014,Outside U of M
18-Nov-2014,Outside U of M
18-Nov-2014,Outside U of M
18-Nov-2014,Outside U of M
18-Nov-2014,Outside U of M
18-Nov-2014,Outside U of M
18-Nov-2014,Outside U of M
16-Dec-2014,Veterinary Population Medicine
06-Jan-2015,Radiology Administration
13-Jan-2015,CFANS Administration
13-Jan-2015,CFANS Administration
13-Jan-2015,CSENG CS&E Administration
13-Jan-2015,Radiology Administration
13-Jan-2015,Radiology Administration
13-Jan-2015,Radiology Administration
13-Jan-2015,Radiology Administration
13-Jan-2015,IEM Engineering In Med Adm
13-Jan-2015,IEM Engineering In Med Adm
13-Jan-2015,IEM Engineering In Med Adm
13-Jan-2015,IEM Engineering In Med Adm
13-Jan-2015,Outside U of M
13-Jan-2015,Outside U of M
13-Jan-2015,Outside U of M
13-Jan-2015,Outside U of M
20-Jan-2015,Radiology Administration
20-Jan-2015,Radiology Administration
27-Jan-2015,Radiology Administration
27-Jan-2015,Outside U of M
03-Feb-2015,CSENG Chem Eng & Mat Sci Admin
03-Feb-2015,CSENG Chem Eng & Mat Sci Admin
03-Feb-2015,CSENG Chem Eng & Mat Sci Admin
03-Feb-2015,CSENG Chem Eng & Mat Sci Admin
03-Feb-2015,CSENG ECE Admin
03-Feb-2015,CSENG ECE Admin
03-Feb-2015,CSENG Mech Engineering Admin
03-Feb-2015,CSENG Mech Engineering Admin
03-Feb-2015,CSENG Mech Engineering Admin
03-Feb-2015,Outside U of M
03-Feb-2015,Outside U of M
03-Feb-2015,Outside U of M
17-Feb-2015,CSENG CS&E Administration
17-Feb-2015,CSENG CS&E Administration
17-Feb-2015,CSENG CS&E Administration
17-Feb-2015,CSENG CS&E Administration
17-Feb-2015,CSENG CS&E Administration
03-Mar-2015,CFANS Administration
03-Mar-2015,"Bioprod&Biosys Eng, Dept of"
03-Mar-2015,"CSENG Math & It's Applic, Inst"
03-Mar-2015,FM Family Medicine Dept Admin
03-Mar-2015,FM Family Medicine Dept Admin
03-Mar-2015,Outside U of M
03-Mar-2015,Outside U of M
17-Mar-2015,Radiology Administration
31-Mar-2015,CSENG Geology & Geophysics Adm
31-Mar-2015,CSENG Geology & Geophysics Adm
31-Mar-2015,CSENG Mech Engineering Admin
31-Mar-2015,Outside U of M
14-Apr-2015,MED Medicine Dept Admin
14-Apr-2015,MED Medicine Dept Admin
21-Apr-2015,"Bioprod&Biosys Eng, Dept of"
21-Apr-2015,"Bioprod&Biosys Eng, Dept of"
21-Apr-2015,"Bioprod&Biosys Eng, Dept of"
21-Apr-2015,Outside U of M
21-Apr-2015,Outside U of M
21-Apr-2015,Outside U of M
19-May-2015,"Drug Design, Center for"
19-May-2015,Medicinal Chemistry
19-May-2015,NSU Neurosurgery Dept Admin
02-Jun-2015,D NRRI Minerals-Coleraine
02-Jun-2015,PMR Administration
02-Jun-2015,Outside U of M
02-Jun-2015,Outside U of M
02-Jun-2015,Outside U of M
02-Jun-2015,Outside U of M
09-Jun-2015,CBS Molecular Biology
09-Jun-2015,CSENG Chemistry Administration
09-Jun-2015,CSENG Chemistry Administration
09-Jun-2015,CSENG Chemistry Administration
09-Jun-2015,CSENG Mech Engineering Admin
09-Jun-2015,CSENG Mech Engineering Admin
23-Jun-2015,CSENG Mech Engineering Admin
23-Jun-2015,CSENG Mech Engineering Admin
23-Jun-2015,CSENG Mech Engineering Admin
23-Jun-2015,CSENG Mech Engineering Admin
